date;temperature
1;7,2
2;4,4
3;2,1
4;1,3
5;3,8
6;5,2
7;4,2
8;4,4
9;3,2
10;4,0
11;3,4
12;4,7
13;4,0
14;3,3
15;4,0
16;3,7
17;3,2
18;1,4
19;0,2
20;0,9
21;0,2
22;-1,3
23;1,6
24;1,9
25;3,0
26;3,2
27;4,4
28;4,1
29;1,4
30;0,9
31;0,3
32;-2,2
33;-1,3
34;-1,7
35;-2,5
36;0,3
37;2,7
38;2,6
39;3,3
40;5,2
41;5,9
42;4,0
43;4,2
44;3,3
45;4,3
46;4,3
47;4,1
48;3,7
49;6,5
50;6,2
51;2,9
52;1,8
53;1,3
54;2,7
55;3,5
56;4,4
57;3,1
58;3,9
59;4,3
60;4,6
61;3,3
62;1,5
63;1,8
64;4,1
65;5,1
66;6,5
67;5,5
68;4,4
69;5,5
70;4,3
71;4,4
72;5,0
73;2,9
74;4,0
75;6,8
76;7,9
77;7,3
78;5,4
79;5,2
80;3,5
81;3,2
82;4,6
83;3,5
84;4,0
85;3,0
86;3,8
87;4,2
88;4,9
89;6,9
90;5,7
91;5,4
92;6,0
93;5,9
94;3,9
95;3,7
96;5,8
97;6,1
98;4,2
99;5,7
100;6,6
101;9,3
102;9,2
103;5,7
104;8,5
105;6,5
106;4,6
107;4,7
108;5,4
109;5,2
110;5,1
111;5,9
112;4,7
113;1,6
114;8,1
115;8,4
116;10,7
117;10,5
118;6,3
119;5,9
120;6,6
121;7,4
122;8,5
123;8,5
124;8,7
125;7,7
126;7,6
127;7,1
128;6,4
129;9,1
130;8,2
131;8,9
132;7,3
133;7,4
134;6,7
135;6,8
136;8,1
137;6,8
138;8,0
139;7,5
140;8,9
141;9,1
142;11,6
143;10,9
144;8,4
145;8,6
146;9,2
147;9,3
148;9,9
149;10,1
150;8,7
151;7,0
152;7,8
153;9,2
154;9,1
155;10,0
156;6,8
157;8,1
158;9,2
159;12,0
160;9,1
161;10,6
162;9,9
163;10,8
164;13,9
165;13,2
166;9,5
167;7,6
168;14,2
169;22,1
170;15,2
171;16,1
172;16,2
173;18,0
174;16,1
175;15,1
176;15,3
177;13,6
178;14,1
179;14,0
180;15,6
181;12,9
182;12,2
183;13,6
184;19,4
185;16,6
186;15,4
187;16,6
188;20,3
189;20,4
190;18,0
191;19,4
192;18,7
193;20,9
194;20,4
195;17,5
196;14,5
197;14,1
198;13,0
199;13,6
200;14,4
201;14,3
202;13,9
203;13,7
204;15,5
205;11,8
206;10,8
207;9,6
208;12,2
209;14,0
210;13,4
211;15,0
212;16,2
213;13,6
214;16,7
215;14,0
216;13,4
217;13,9
218;11,7
219;10,3
220;9,9
221;9,4
222;11,2
223;13,0
224;10,8
225;8,9
226;9,5
227;10,2
228;11,5
229;12,4
230;10,7
231;10,1
232;9,8
233;9,1
234;10,1
235;10,5
236;14,2
237;11,1
238;9,8
239;9,7
240;9,8
241;9,6
242;8,9
243;7,4
244;7,2
245;7,6
246;6,7
247;7,7
248;7,8
249;7,4
250;7,5
251;9,0
252;10,3
253;9,3
254;8,4
255;6,9
256;8,8
257;8,9
258;6,3
259;4,4
260;10,9
261;11,1
262;10,1
263;10,6
264;9,9
265;9,1
266;7,9
267;12,4
268;8,9
269;7,7
270;8,1
271;8,1
272;8,2
273;7,5
274;6,5
275;6,4
276;6,2
277;6,0
278;6,4
279;6,2
280;3,0
281;0,2
282;-1,0
283;-2,4
284;2,9
285;5,0
286;2,6
287;4,8
288;7,8
289;2,8
290;2,7
291;3,1
292;3,5
293;5,5
294;4,5
295;5,5
296;7,5
297;5,6
298;4,5
299;9,1
300;6,5
301;6,0
302;3,3
303;1,8
304;0,5
305;1,2
306;-0,1
307;4,0
308;8,0
309;8,7
310;9,5
311;9,1
312;6,5
313;6,8
314;6,8
315;7,1
316;3,9
317;-2,0
318;-0,8
319;1,9
320;6,7
321;8,6
322;3,6
323;2,9
324;-4,3
325;-5,6
326;-4,7
327;-4,4
328;-4,9
329;-5,8
330;-4,3
331;2,0
332;1,9
333;-1,2
334;0,5
335;0,5
336;-1,3
337;-5,8
338;-4,9
339;-1,8
340;-5,1
341;-6,6
342;-2,8
343;2,9
344;4,3
345;5,7
346;7,6
347;5,2
348;4,7
349;4,6
350;5,4
351;2,2
352;0,6
353;2,8
354;4,0
355;0,8
356;-0,1
357;2,9
358;4,3
359;5,2
360;4,0
361;3,6
362;1,9
363;-1,5
364;-3,2
365;-4,1
366;-2,6
367;1,8
368;1,6
369;0,9
370;2,6
371;2,4
372;2,2
373;1,9
374;1,6
375;0,4
376;-0,4
377;0,2
378;0,7
379;0,4
380;1,2
381;1,9
382;2,5
383;1,8
384;2,1
385;1,9
386;1,1
387;1,1
388;4,3
389;4,2
390;3,5
391;3,0
392;4,3
393;5,7
394;5,0
395;6,2
396;5,4
397;4,5
398;4,5
399;4,6
400;5,0
401;3,6
402;1,8
403;3,4
404;5,2
405;5,9
406;6,7
407;6,1
408;5,4
409;2,3
410;3,2
411;5,2
412;6,6
413;7,3
414;7,2
415;5,5
416;4,5
417;4,2
418;4,0
419;6,1
420;7,3
421;7,5
422;6,3
423;5,1
424;2,5
425;3,3
426;5,2
427;4,8
428;5,0
429;5,5
430;5,5
431;3,9
432;2,1
433;2,7
434;4,3
435;5,8
436;5,3
437;5,5
438;5,8
439;7,2
440;6,4
441;6,7
442;8,1
443;8,9
444;10,7
445;12,2
446;16,7
447;18,9
448;19,4
449;15,5
450;13,4
451;8,7
452;6,8
453;7,0
454;7,6
455;7,4
456;6,9
457;6,5
458;8,3
459;9,2
460;10,7
461;10,7
462;5,2
463;8,6
464;11,3
465;12,6
466;11,4
467;9,8
468;14,8
469;14,8
470;16,2
471;11,4
472;12,3
473;18,1
474;16,5
475;19,6
476;12,9
477;12,8
478;9,7
479;10,8
480;12,8
481;13,7
482;15,0
483;16,6
484;17,9
485;16,7
486;15,3
487;12,4
488;10,2
489;10,9
490;13,4
491;14,3
492;12,8
493;8,4
494;8,3
495;13,8
496;11,3
497;12,3
498;12,5
499;12,6
500;12,0
501;11,2
502;11,3
503;12,0
504;11,9
505;10,9
506;11,2
507;13,8
508;13,0
509;13,5
510;14,2
511;12,4
512;6,1
513;9,7
514;11,8
515;11,1
516;6,1
517;4,8
518;5,5
519;15,6
520;19,5
521;15,8
522;17,3
523;17,6
524;16,2
525;14,5
526;13,1
527;12,9
528;13,4
529;13,2
530;13,0
531;12,1
532;13,8
533;15,1
534;15,2
535;14,3
536;12,1
537;13,1
538;11,3
539;9,7
540;9,4
541;9,8
542;11,8
543;12,2
544;12,1
545;12,4
546;15,1
547;13,0
548;13,5
549;13,3
550;15,1
551;16,8
552;16,0
553;15,4
554;14,8
555;14,6
556;12,9
557;12,6
558;13,4
559;12,6
560;13,2
561;14,4
562;12,9
563;13,0
564;11,9
565;11,9
566;14,6
567;14,7
568;14,0
569;18,4
570;15,6
571;14,1
572;13,2
573;16,4
574;19,8
575;17,6
576;20,5
577;21,4
578;16,6
579;14,4
580;14,4
581;14,0
582;15,4
583;14,5
584;12,3
585;14,0
586;17,3
587;12,5
588;11,7
589;11,2
590;10,9
591;8,3
592;7,9
593;8,2
594;10,0
595;9,7
596;8,6
597;7,9
598;9,4
599;8,4
600;6,9
601;7,8
602;7,2
603;7,0
604;7,2
605;6,2
606;9,8
607;10,0
608;11,4
609;11,3
610;8,7
611;5,6
612;9,4
613;9,6
614;7,1
615;6,4
616;7,3
617;8,7
618;4,7
619;2,5
620;4,3
621;3,4
622;1,9
623;0,6
624;-2,8
625;-3,5
626;-1,4
627;0,8
628;3,1
629;5,0
630;5,9
631;8,1
632;8,3
633;5,8
634;3,6
635;3,5
636;3,3
637;3,2
638;2,0
639;5,1
640;4,5
641;5,8
642;8,1
643;5,7
644;2,2
645;0,6
646;3,9
647;3,5
648;3,6
649;1,3
650;4,2
651;6,9
652;4,7
653;2,2
654;7,1
655;9,0
656;7,7
657;6,0
658;2,1
659;3,6
660;3,3
661;3,6
662;7,4
663;5,9
664;5,6
665;5,2
666;6,8
667;6,4
668;5,4
669;4,7
670;5,0
671;3,8
672;6,0
673;4,3
674;3,5
675;5,6
676;6,7
677;7,8
678;1,0
679;-0,0
680;3,0
681;0,6
682;-2,9
683;2,4
684;2,0
685;4,6
686;6,1
687;4,7
688;3,3
689;2,6
690;0,7
691;-1,7
692;-4,3
693;-2,7
694;2,6
695;6,3
696;7,4
697;7,2
698;5,3
699;3,6
700;4,0
701;4,6
702;6,3
703;3,9
704;3,1
705;4,5
706;4,1
707;1,6
708;2,2
709;1,5
710;4,7
711;7,7
712;5,2
713;3,4
714;2,3
715;-2,2
716;-4,1
717;-4,6
718;-1,4
719;-0,7
720;-0,3
721;-0,5
722;-0,2
723;2,7
724;4,8
725;3,8
726;4,2
727;6,2
728;6,4
729;3,8
730;3,9
731;-0,4
732;-1,3
733;1,7
734;3,9
735;4,8
736;3,1
737;1,7
738;1,8
739;2,4
740;2,9
741;5,0
742;1,3
743;-2,0
744;-0,6
745;3,8
746;4,3
747;4,2
748;5,2
749;4,9
750;6,1
751;4,8
752;4,5
753;2,1
754;0,8
755;1,7
756;4,3
757;4,1
758;0,7
759;1,8
760;4,2
761;5,7
762;6,7
763;6,2
764;5,6
765;5,2
766;5,7
767;8,2
768;7,2
769;7,0
770;7,2
771;6,2
772;5,0
773;6,2
774;7,3
775;7,1
776;6,4
777;4,0
778;3,4
779;5,4
780;3,6
781;3,9
782;3,9
783;4,2
784;3,5
785;3,9
786;5,1
787;6,6
788;4,0
789;3,4
790;1,7
791;1,9
792;4,3
793;4,4
794;5,6
795;6,1
796;8,6
797;7,6
798;10,0
799;11,8
800;10,5
801;11,5
802;11,9
803;12,0
804;11,4
805;8,0
806;5,2
807;5,6
808;8,0
809;10,8
810;11,0
811;10,0
812;11,3
813;11,4
814;11,9
815;10,3
816;13,4
817;12,5
818;9,6
819;10,4
820;12,2
821;10,0
822;9,9
823;13,1
824;17,3
825;15,8
826;11,6
827;11,0
828;9,2
829;9,7
830;10,5
831;12,5
832;10,5
833;11,2
834;14,1
835;14,6
836;10,1
837;12,3
838;12,3
839;12,1
840;11,7
841;11,7
842;13,4
843;14,7
844;12,8
845;12,8
846;12,3
847;11,2
848;10,4
849;10,6
850;11,8
851;10,9
852;10,4
853;10,4
854;9,4
855;11,0
856;14,7
857;17,7
858;18,1
859;13,1
860;11,1
861;11,6
862;12,0
863;11,4
864;12,1
865;12,7
866;11,8
867;11,7
868;12,5
869;11,0
870;11,2
871;12,2
872;14,2
873;13,8
874;12,6
875;12,2
876;13,1
877;15,5
878;19,3
879;15,4
880;17,4
881;18,7
882;15,6
883;16,4
884;16,8
885;15,0
886;14,4
887;13,8
888;14,6
889;14,1
890;14,9
891;13,3
892;14,1
893;14,7
894;13,9
895;11,9
896;11,8
897;13,1
898;14,8
899;13,4
900;13,5
901;12,0
902;11,5
903;11,9
904;13,8
905;14,4
906;14,5
907;14,9
908;13,3
909;13,1
910;12,3
911;12,6
912;12,7
913;13,2
914;13,0
915;12,6
916;13,2
917;14,2
918;12,4
919;11,4
920;7,8
921;3,8
922;6,1
923;9,4
924;15,2
925;12,2
926;12,3
927;10,5
928;7,4
929;6,7
930;8,8
931;7,7
932;9,1
933;8,3
934;7,5
935;9,4
936;11,0
937;11,7
938;12,0
939;12,0
940;11,7
941;11,8
942;13,2
943;11,4
944;9,6
945;12,9
946;15,9
947;17,4
948;16,5
949;16,1
950;11,5
951;11,9
952;10,8
953;9,9
954;7,2
955;7,7
956;7,9
957;6,2
958;6,3
959;8,2
960;8,1
961;9,3
962;7,5
963;10,4
964;11,5
965;11,4
966;9,1
967;10,3
968;6,1
969;7,6
970;13,5
971;13,3
972;11,7
973;9,3
974;8,7
975;9,8
976;8,9
977;8,3
978;7,8
979;4,8
980;3,9
981;6,7
982;9,9
983;5,7
984;6,5
985;7,5
986;4,5
987;4,5
988;8,0
989;7,2
990;7,0
991;2,6
992;3,2
993;3,6
994;2,6
995;4,6
996;5,1
997;5,6
998;5,5
999;4,6
1000;3,4
1001;1,1
1002;0,1
1003;2,7
1004;4,3
1005;4,0
1006;3,7
1007;3,6
1008;2,2
1009;0,9
1010;-1,4
1011;-1,7
1012;-0,6
1013;4,0
1014;2,8
1015;2,7
1016;7,5
1017;8,4
1018;6,8
1019;3,4
1020;1,4
1021;0,0
1022;0,1
1023;-0,5
1024;2,1
1025;2,1
1026;-2,3
1027;-3,6
1028;0,4
1029;3,0
1030;5,5
1031;6,4
1032;4,3
1033;6,2
1034;7,5
1035;4,7
1036;3,9
1037;1,0
1038;2,3
1039;0,0
1040;0,7
1041;1,8
1042;3,5
1043;2,3
1044;2,3
1045;0,2
1046;-0,9
1047;-1,7
1048;1,8
1049;3,2
1050;5,5
1051;5,4
1052;4,3
1053;2,5
1054;0,6
1055;1,9
1056;2,5
1057;0,7
1058;0,2
1059;0,4
1060;0,4
1061;1,7
1062;0,5
1063;1,9
1064;3,7
1065;5,2
1066;4,4
1067;0,9
1068;1,9
1069;4,8
1070;2,8
1071;3,4
1072;1,8
1073;1,0
1074;0,8
1075;-1,3
1076;-2,5
1077;-0,4
1078;-1,1
1079;-0,2
1080;1,8
1081;2,2
1082;1,7
1083;0,5
1084;-0,7
1085;1,8
1086;2,2
1087;1,9
1088;1,8
1089;3,1
1090;2,0
1091;0,5
1092;0,4
1093;0,7
1094;-0,6
1095;0,7
1096;1,4
1097;0,0
1098;-1,4
1099;-6,1
1100;-9,1
1101;-8,2
1102;-5,2
1103;-2,3
1104;-1,7
1105;-2,3
1106;-1,8
1107;0,9
1108;1,4
1109;0,5
1110;1,9
1111;1,5
1112;1,3
1113;0,4
1114;2,4
1115;0,9
1116;-2,2
1117;-3,0
1118;-2,4
1119;1,8
1120;1,3
1121;1,2
1122;1,5
1123;3,7
1124;5,0
1125;3,9
1126;3,4
1127;0,5
1128;-0,1
1129;-0,8
1130;-0,1
1131;-0,0
1132;-1,1
1133;0,5
1134;0,7
1135;2,0
1136;1,4
1137;3,1
1138;6,3
1139;5,6
1140;5,1
1141;6,1
1142;8,3
1143;8,9
1144;11,1
1145;11,2
1146;11,1
1147;8,0
1148;9,0
1149;9,2
1150;13,0
1151;8,4
1152;7,7
1153;7,8
1154;6,6
1155;6,3
1156;6,1
1157;6,2
1158;6,1
1159;5,2
1160;5,8
1161;9,5
1162;7,6
1163;8,9
1164;7,2
1165;7,1
1166;10,2
1167;9,9
1168;11,5
1169;17,5
1170;15,2
1171;9,2
1172;9,3
1173;11,0
1174;15,0
1175;14,8
1176;15,2
1177;9,7
1178;9,1
1179;10,2
1180;12,5
1181;13,6
1182;15,4
1183;13,1
1184;11,2
1185;13,2
1186;17,3
1187;18,1
1188;20,3
1189;19,2
1190;19,5
1191;25,2
1192;24,0
1193;21,3
1194;19,8
1195;15,9
1196;13,3
1197;14,3
1198;14,6
1199;15,3
1200;15,2
1201;16,0
1202;10,5
1203;10,4
1204;10,5
1205;10,7
1206;10,9
1207;11,7
1208;13,6
1209;13,2
1210;11,5
1211;7,2
1212;8,2
1213;6,2
1214;8,2
1215;7,9
1216;8,8
1217;11,6
1218;12,2
1219;12,8
1220;13,8
1221;14,8
1222;14,4
1223;16,6
1224;14,2
1225;12,4
1226;10,9
1227;5,5
1228;10,8
1229;12,0
1230;11,5
1231;10,4
1232;14,8
1233;14,8
1234;9,5
1235;10,4
1236;10,7
1237;16,8
1238;17,3
1239;17,3
1240;15,0
1241;13,1
1242;14,7
1243;14,5
1244;9,4
1245;12,7
1246;16,5
1247;15,9
1248;14,6
1249;25,1
1250;25,8
1251;12,5
1252;12,6
1253;16,6
1254;8,2
1255;10,4
1256;16,4
1257;14,4
1258;9,3
1259;8,5
1260;17,6
1261;16,6
1262;15,1
1263;12,5
1264;12,4
1265;12,4
1266;13,9
1267;13,0
1268;15,5
1269;14,0
1270;11,5
1271;13,3
1272;13,1
1273;11,9
1274;12,0
1275;12,2
1276;12,2
1277;7,7
1278;7,9
1279;7,2
1280;8,2
1281;11,3
1282;7,3
1283;8,1
1284;7,5
1285;11,0
1286;8,8
1287;9,6
1288;7,9
1289;7,7
1290;-1,0
1291;17,6
1292;13,8
1293;11,3
1294;11,9
1295;10,3
1296;7,8
1297;9,3
1298;6,2
1299;2,2
1300;9,1
1301;7,1
1302;15,0
1303;13,3
1304;8,1
1305;5,6
1306;5,9
1307;0,9
1308;5,0
1309;9,3
1310;9,6
1311;6,4
1312;5,6
1313;6,8
1314;7,4
1315;6,1
1316;5,8
1317;6,3
1318;9,1
1319;7,8
1320;6,2
1321;5,7
1322;9,3
1323;11,0
1324;11,9
1325;15,6
1326;15,9
1327;13,3
1328;11,9
1329;6,7
1330;9,0
1331;9,1
1332;8,1
1333;8,3
1334;8,1
1335;9,0
1336;7,5
1337;6,5
1338;5,7
1339;5,7
1340;3,4
1341;2,0
1342;1,1
1343;1,9
1344;2,5
1345;5,9
1346;9,2
1347;6,4
1348;7,2
1349;9,8
1350;9,5
1351;8,6
1352;12,8
1353;10,5
1354;9,8
1355;11,1
1356;10,4
1357;8,8
1358;8,2
1359;9,0
1360;10,3
1361;10,0
1362;8,1
1363;5,8
1364;3,3
1365;0,8
1366;1,8
1367;1,5
1368;2,6
1369;-0,6
1370;-0,9
1371;-2,1
1372;1,8
1373;4,1
1374;8,2
1375;7,5
1376;5,4
1377;5,9
1378;5,3
1379;1,3
1380;2,2
1381;3,5
1382;6,5
1383;4,2
1384;3,4
1385;3,3
1386;1,4
1387;1,6
1388;1,4
1389;1,5
1390;3,4
1391;4,4
1392;2,3
1393;3,4
1394;7,1
1395;7,2
1396;5,6
1397;2,4
1398;0,2
1399;3,4
1400;5,4
1401;5,7
1402;6,5
1403;5,6
1404;4,2
1405;2,6
1406;3,6
1407;1,4
1408;2,2
1409;6,9
1410;7,2
1411;4,7
1412;3,1
1413;3,3
1414;1,2
1415;3,8
1416;3,4
1417;2,8
1418;2,4
1419;-0,3
1420;2,0
1421;2,4
1422;-0,7
1423;-1,1
1424;0,8
1425;1,2
1426;1,2
1427;2,9
1428;1,4
1429;0,8
1430;0,6
1431;-0,8
1432;-2,5
1433;-3,8
1434;0,1
1435;2,4
1436;1,8
1437;1,5
1438;-0,5
1439;-0,2
1440;1,6
1441;1,2
1442;3,0
1443;3,3
1444;3,5
1445;5,5
1446;2,5
1447;0,8
1448;3,0
1449;6,5
1450;6,9
1451;7,5
1452;5,3
1453;7,4
1454;6,3
1455;4,6
1456;3,3
1457;6,8
1458;6,3
1459;7,0
1460;6,4
1461;6,0
1462;8,1
1463;5,0
1464;2,7
1465;1,8
1466;2,7
1467;5,4
1468;5,1
1469;4,0
1470;4,0
1471;3,3
1472;1,7
1473;0,4
1474;-0,8
1475;0,8
1476;2,7
1477;2,9
1478;2,8
1479;2,8
1480;4,2
1481;3,2
1482;3,5
1483;3,3
1484;6,0
1485;5,8
1486;5,6
1487;4,1
1488;3,7
1489;3,1
1490;4,1
1491;6,5
1492;7,1
1493;6,5
1494;3,6
1495;1,0
1496;3,5
1497;6,2
1498;6,5
1499;10,7
1500;11,7
1501;7,2
1502;4,6
1503;5,3
1504;3,4
1505;3,9
1506;4,4
1507;3,6
1508;4,6
1509;5,1
1510;5,4
1511;7,7
1512;9,4
1513;11,8
1514;12,7
1515;11,9
1516;11,4
1517;13,7
1518;15,2
1519;15,1
1520;14,4
1521;12,7
1522;9,3
1523;10,3
1524;12,9
1525;8,9
1526;7,3
1527;4,8
1528;3,4
1529;5,3
1530;4,2
1531;4,9
1532;4,1
1533;3,9
1534;6,3
1535;6,7
1536;6,8
1537;5,9
1538;5,9
1539;8,7
1540;12,0
1541;12,7
1542;17,7
1543;14,0
1544;14,5
1545;14,1
1546;14,7
1547;10,4
1548;8,1
1549;9,3
1550;8,5
1551;7,9
1552;7,2
1553;5,6
1554;9,9
1555;9,7
1556;11,8
1557;12,2
1558;12,2
1559;12,3
1560;14,6
1561;13,5
1562;12,9
1563;10,6
1564;10,4
1565;15,3
1566;17,4
1567;13,5
1568;15,0
1569;16,7
1570;13,9
1571;12,6
1572;13,4
1573;14,0
1574;12,9
1575;11,3
1576;11,9
1577;13,3
1578;13,5
1579;14,0
1580;11,8
1581;12,6
1582;12,5
1583;12,7
1584;13,0
1585;11,0
1586;8,7
1587;8,6
1588;10,7
1589;11,0
1590;11,8
1591;11,2
1592;11,2
1593;12,5
1594;14,0
1595;14,5
1596;14,0
1597;13,3
1598;11,9
1599;12,8
1600;13,3
1601;14,1
1602;14,4
1603;14,9
1604;14,6
1605;13,8
1606;14,3
1607;16,8
1608;19,8
1609;21,0
1610;24,1
1611;24,4
1612;23,4
1613;22,4
1614;19,0
1615;15,4
1616;17,1
1617;16,7
1618;16,4
1619;15,5
1620;15,6
1621;16,0
1622;17,0
1623;15,9
1624;17,3
1625;16,1
1626;15,9
1627;12,9
1628;11,1
1629;11,8
1630;14,5
1631;13,3
1632;14,1
1633;13,6
1634;13,4
1635;12,9
1636;12,9
1637;13,7
1638;14,5
1639;16,9
1640;17,6
1641;20,5
1642;20,4
1643;20,6
1644;14,7
1645;15,2
1646;16,7
1647;11,7
1648;10,7
1649;10,7
1650;10,6
1651;9,0
1652;10,5
1653;11,3
1654;10,7
1655;13,5
1656;14,6
1657;12,4
1658;11,4
1659;11,0
1660;11,1
1661;9,6
1662;8,5
1663;7,2
1664;7,9
1665;7,2
1666;10,5
1667;11,0
1668;13,3
1669;13,1
1670;12,2
1671;12,7
1672;14,6
1673;13,4
1674;13,5
1675;11,4
1676;6,5
1677;5,8
1678;8,8
1679;8,1
1680;7,0
1681;5,7
1682;5,3
1683;6,1
1684;7,8
1685;8,8
1686;8,8
1687;8,9
1688;8,5
1689;8,3
1690;8,4
1691;9,6
1692;10,5
1693;10,1
1694;9,1
1695;7,8
1696;7,3
1697;7,0
1698;9,1
1699;9,9
1700;10,6
1701;6,1
1702;5,8
1703;4,9
1704;4,1
1705;3,0
1706;4,7
1707;5,7
1708;5,3
1709;2,7
1710;3,6
1711;2,4
1712;3,0
1713;2,6
1714;2,4
1715;-0,7
1716;-1,4
1717;-1,9
1718;-0,1
1719;3,2
1720;4,4
1721;2,6
1722;3,3
1723;2,7
1724;1,8
1725;2,6
1726;2,0
1727;3,2
1728;5,4
1729;7,4
1730;7,3
1731;6,6
1732;6,7
1733;5,3
1734;4,9
1735;3,4
1736;1,4
1737;0,4
1738;1,7
1739;1,3
1740;6,7
1741;7,0
1742;6,6
1743;4,7
1744;2,2
1745;5,0
1746;2,8
1747;3,3
1748;5,9
1749;4,3
1750;4,9
1751;5,0
1752;3,1
1753;3,5
1754;3,8
1755;3,4
1756;5,6
1757;10,0
1758;8,0
1759;6,3
1760;4,4
1761;3,6
1762;2,7
1763;1,3
1764;2,3
1765;4,2
1766;7,8
1767;6,6
1768;6,3
1769;6,9
1770;3,0
1771;1,8
1772;4,5
1773;6,6
1774;6,3
1775;5,1
1776;2,6
1777;1,9
1778;5,9
1779;4,5
1780;5,0
1781;4,9
1782;5,1
1783;6,7
1784;6,9
1785;4,6
1786;3,6
1787;6,9
1788;5,2
1789;3,2
1790;6,3
1791;3,6
1792;5,3
1793;5,6
1794;4,6
1795;2,3
1796;2,5
1797;2,9
1798;5,5
1799;4,5
1800;1,2
1801;0,9
1802;0,8
1803;4,5
1804;6,0
1805;3,6
1806;5,4
1807;5,1
1808;3,6
1809;3,4
1810;1,0
1811;0,9
1812;2,7
1813;5,7
1814;5,6
1815;6,0
1816;4,4
1817;3,6
1818;3,5
1819;5,4
1820;4,1
1821;2,8
1822;1,4
1823;1,2
1824;1,4
1825;-0,4
1826;1,8
1827;3,0
1828;2,3
1829;3,8
1830;4,8
1831;3,6
1832;2,8
1833;2,4
1834;2,8
1835;6,3
1836;5,8
1837;4,7
1838;4,9
1839;3,3
1840;0,3
1841;1,4
1842;5,6
1843;3,3
1844;5,6
1845;3,9
1846;3,5
1847;2,2
1848;2,3
1849;3,4
1850;4,7
1851;5,9
1852;6,5
1853;5,5
1854;5,4
1855;1,8
1856;1,2
1857;3,2
1858;4,6
1859;5,1
1860;2,1
1861;-0,0
1862;2,3
1863;8,5
1864;9,8
1865;7,2
1866;5,4
1867;3,1
1868;4,0
1869;5,4
1870;5,0
1871;2,4
1872;4,6
1873;6,7
1874;3,9
1875;4,7
1876;5,8
1877;7,5
1878;9,1
1879;12,1
1880;12,0
1881;7,3
1882;8,2
1883;7,2
1884;5,4
1885;5,1
1886;7,3
1887;6,9
1888;8,3
1889;7,5
1890;7,0
1891;6,1
1892;5,1
1893;6,2
1894;7,7
1895;6,9
1896;7,2
1897;6,0
1898;3,9
1899;3,0
1900;2,8
1901;3,4
1902;4,8
1903;4,9
1904;3,3
1905;5,5
1906;6,5
1907;7,1
1908;9,5
1909;13,6
1910;13,0
1911;10,1
1912;9,0
1913;9,9
1914;10,3
1915;9,6
1916;10,2
1917;12,2
1918;16,3
1919;16,9
1920;14,8
1921;12,9
1922;12,8
1923;9,9
1924;11,9
1925;10,3
1926;10,0
1927;9,9
1928;10,7
1929;12,8
1930;18,6
1931;23,3
1932;19,2
1933;17,5
1934;19,0
1935;18,7
1936;15,5
1937;17,3
1938;20,8
1939;16,5
1940;15,7
1941;15,9
1942;16,5
1943;18,8
1944;19,5
1945;22,8
1946;21,8
1947;16,7
1948;15,6
1949;15,9
1950;12,6
1951;10,0
1952;9,4
1953;11,9
1954;11,3
1955;11,1
1956;9,5
1957;10,8
1958;10,9
1959;11,6
1960;10,4
1961;11,7
1962;12,3
1963;13,6
1964;14,4
1965;15,1
1966;13,2
1967;13,8
1968;12,5
1969;11,8
1970;11,1
1971;11,6
1972;13,1
1973;13,9
1974;14,9
1975;15,3
1976;14,7
1977;15,6
1978;13,1
1979;13,4
1980;16,3
1981;17,5
1982;13,2
1983;13,0
1984;13,6
1985;13,9
1986;17,2
1987;18,0
1988;14,8
1989;13,5
1990;15,7
1991;17,6
1992;20,5
1993;18,5
1994;14,6
1995;15,2
1996;17,8
1997;19,8
1998;21,6
1999;17,8
2000;18,5
2001;17,4
2002;15,1
2003;11,5
2004;9,6
2005;12,3
2006;12,3
2007;12,1
2008;13,3
2009;13,1
2010;12,0
2011;10,9
2012;12,3
2013;15,6
2014;13,7
2015;12,0
2016;10,6
2017;10,6
2018;10,8
2019;12,0
2020;10,4
2021;9,0
2022;10,9
2023;10,8
2024;11,1
2025;13,6
2026;13,4
2027;10,4
2028;11,0
2029;11,5
2030;10,9
2031;11,3
2032;11,7
2033;11,9
2034;10,4
2035;8,6
2036;9,1
2037;11,1
2038;12,1
2039;13,1
2040;11,2
2041;13,1
2042;15,9
2043;15,8
2044;14,9
2045;14,6
2046;14,3
2047;13,4
2048;11,7
2049;9,5
2050;7,1
2051;8,3
2052;8,4
2053;7,6
2054;7,3
2055;6,3
2056;6,3
2057;7,3
2058;7,1
2059;4,6
2060;4,5
2061;7,4
2062;10,4
2063;8,6
2064;6,0
2065;8,1
2066;8,3
2067;9,1
2068;9,0
2069;7,6
2070;7,6
2071;8,4
2072;8,9
2073;8,8
2074;7,9
2075;6,6
2076;6,2
2077;10,1
2078;8,4
2079;8,1
2080;7,2
2081;7,7
2082;8,7
2083;9,2
2084;11,0
2085;9,6
2086;7,8
2087;10,6
2088;8,1
2089;8,9
2090;10,0
2091;1,7
2092;1,6
2093;7,6
2094;5,9
2095;5,3
2096;8,3
2097;6,9
2098;4,0
2099;3,8
2100;4,9
2101;5,4
2102;5,7
2103;3,4
2104;5,4
2105;4,0
2106;3,0
2107;1,9
2108;4,7
2109;4,7
2110;6,5
2111;5,7
2112;6,6
2113;4,8
2114;2,9
2115;5,2
2116;7,1
2117;6,9
2118;7,1
2119;6,9
2120;7,7
2121;8,8
2122;7,3
2123;6,1
2124;5,6
2125;3,4
2126;1,5
2127;0,3
2128;4,3
2129;4,5
2130;4,2
2131;2,9
2132;3,2
2133;-0,7
2134;1,5
2135;-2,0
2136;-3,4
2137;-2,7
2138;-2,4
2139;-0,4
2140;-1,1
2141;0,6
2142;-0,3
2143;-2,2
2144;-0,8
2145;-2,5
2146;-4,0
2147;-4,4
2148;-0,5
2149;1,4
2150;2,1
2151;1,7
2152;2,1
2153;5,5
2154;2,9
2155;2,2
2156;0,6
2157;-2,3
2158;-1,5
2159;-4,7
2160;-3,0
2161;-1,2
2162;-1,1
2163;-1,9
2164;-5,2
2165;-4,4
2166;-7,1
2167;-5,3
2168;-7,4
2169;-6,6
2170;-7,2
2171;-7,0
2172;-7,0
2173;-6,0
2174;-5,7
2175;-7,1
2176;-3,4
2177;0,9
2178;1,7
2179;3,1
2180;3,3
2181;5,6
2182;4,7
2183;6,6
2184;7,3
2185;6,6
2186;5,9
2187;7,3
2188;6,3
2189;6,1
2190;5,9
2191;5,5
2192;5,0
2193;5,4
2194;3,7
2195;0,7
2196;1,8
2197;3,8
2198;1,2
2199;1,2
2200;2,1
2201;2,9
2202;4,5
2203;3,8
2204;2,5
2205;3,0
2206;2,7
2207;1,7
2208;2,6
2209;4,3
2210;3,7
2211;4,7
2212;3,3
2213;5,8
2214;6,4
2215;5,8
2216;5,7
2217;6,1
2218;4,9
2219;5,2
2220;7,6
2221;7,3
2222;4,5
2223;3,9
2224;4,6
2225;4,5
2226;3,5
2227;0,4
2228;1,8
2229;1,7
2230;1,3
2231;2,3
2232;1,4
2233;2,5
2234;5,0
2235;3,3
2236;3,6
2237;4,8
2238;6,5
2239;9,7
2240;9,5
2241;10,8
2242;7,8
2243;4,1
2244;4,1
2245;4,6
2246;4,0
2247;4,4
2248;5,8
2249;6,0
2250;5,5
2251;6,4
2252;6,8
2253;6,4
2254;6,1
2255;4,8
2256;7,4
2257;8,8
2258;6,8
2259;6,5
2260;6,0
2261;8,5
2262;10,0
2263;10,7
2264;10,4
2265;9,7
2266;12,2
2267;12,3
2268;8,8
2269;9,8
2270;8,5
2271;8,6
2272;7,4
2273;8,1
2274;11,6
2275;11,2
2276;10,1
2277;12,4
2278;15,2
2279;14,5
2280;11,5
2281;10,9
2282;11,2
2283;11,4
2284;13,4
2285;17,1
2286;20,5
2287;16,0
2288;16,0
2289;14,5
2290;13,8
2291;15,1
2292;15,5
2293;14,4
2294;13,6
2295;11,1
2296;10,8
2297;10,5
2298;9,9
2299;12,2
2300;14,2
2301;11,6
2302;12,3
2303;12,1
2304;12,0
2305;12,5
2306;12,2
2307;14,2
2308;15,4
2309;13,0
2310;13,0
2311;12,8
2312;13,5
2313;18,2
2314;18,6
2315;19,3
2316;14,7
2317;17,5
2318;18,7
2319;17,0
2320;15,3
2321;14,9
2322;15,1
2323;14,4
2324;15,5
2325;16,7
2326;18,8
2327;17,2
2328;14,6
2329;15,0
2330;13,7
2331;11,6
2332;12,6
2333;12,4
2334;12,8
2335;13,3
2336;15,6
2337;14,9
2338;20,3
2339;22,4
2340;18,0
2341;17,5
2342;16,5
2343;15,8
2344;13,2
2345;13,1
2346;11,7
2347;11,7
2348;14,3
2349;16,0
2350;19,6
2351;18,6
2352;17,0
2353;16,4
2354;16,6
2355;15,8
2356;15,7
2357;14,6
2358;14,0
2359;12,3
2360;14,3
2361;13,9
2362;12,7
2363;12,7
2364;11,9
2365;12,5
2366;13,4
2367;13,4
2368;13,3
2369;13,8
2370;15,4
2371;14,7
2372;14,1
2373;13,6
2374;12,9
2375;13,8
2376;13,4
2377;12,3
2378;11,8
2379;10,3
2380;13,2
2381;12,9
2382;14,3
2383;16,0
2384;16,4
2385;17,2
2386;15,4
2387;12,0
2388;11,1
2389;10,5
2390;12,5
2391;12,9
2392;13,3
2393;13,7
2394;13,4
2395;12,1
2396;12,1
2397;12,5
2398;9,0
2399;9,9
2400;10,6
2401;15,0
2402;17,2
2403;12,6
2404;14,1
2405;12,2
2406;11,1
2407;10,5
2408;12,1
2409;11,3
2410;10,3
2411;10,0
2412;10,8
2413;13,4
2414;12,6
2415;10,5
2416;6,4
2417;5,4
2418;7,1
2419;10,0
2420;7,0
2421;6,3
2422;4,3
2423;5,1
2424;10,1
2425;9,6
2426;4,2
2427;4,6
2428;6,4
2429;9,7
2430;9,9
2431;8,4
2432;11,2
2433;11,3
2434;12,1
2435;10,6
2436;9,7
2437;9,6
2438;8,7
2439;7,2
2440;6,6
2441;6,7
2442;6,0
2443;7,9
2444;7,1
2445;9,0
2446;7,8
2447;6,2
2448;7,7
2449;7,7
2450;6,4
2451;7,6
2452;8,7
2453;5,0
2454;7,3
2455;8,4
2456;5,4
2457;2,8
2458;5,2
2459;6,8
2460;6,2
2461;1,6
2462;0,9
2463;-1,1
2464;-4,2
2465;-1,8
2466;0,6
2467;-1,9
2468;-1,3
2469;-0,1
2470;0,5
2471;-0,4
2472;0,2
2473;2,7
2474;2,0
2475;0,9
2476;1,5
2477;0,3
2478;4,0
2479;5,5
2480;6,1
2481;7,5
2482;6,8
2483;7,7
2484;7,1
2485;3,3
2486;-0,4
2487;1,1
2488;2,8
2489;0,7
2490;-3,3
2491;-3,1
2492;-1,2
2493;0,3
2494;0,7
2495;2,6
2496;7,1
2497;5,0
2498;7,0
2499;3,8
2500;2,6
2501;1,8
2502;0,3
2503;3,2
2504;2,1
2505;1,7
2506;3,9
2507;5,0
2508;7,1
2509;7,3
2510;2,8
2511;2,9
2512;3,9
2513;1,9
2514;5,0
2515;2,5
2516;-0,5
2517;3,8
2518;6,3
2519;6,4
2520;4,8
2521;4,5
2522;4,5
2523;4,1
2524;2,8
2525;5,5
2526;1,7
2527;-0,0
2528;1,9
2529;1,0
2530;4,3
2531;2,3
2532;2,1
2533;1,5
2534;3,3
2535;4,2
2536;3,1
2537;1,2
2538;0,2
2539;4,6
2540;5,8
2541;3,7
2542;2,7
2543;3,0
2544;1,8
2545;1,9
2546;-0,3
2547;0,9
2548;2,3
2549;0,5
2550;3,8
2551;3,1
2552;2,5
2553;4,1
2554;5,4
2555;4,5
2556;4,1
2557;4,4
2558;6,4
2559;3,9
2560;2,2
2561;2,5
2562;3,4
2563;4,3
2564;7,3
2565;8,2
2566;9,4
2567;8,7
2568;9,0
2569;8,9
2570;5,6
2571;6,7
2572;5,3
2573;5,3
2574;5,1
2575;5,5
2576;5,9
2577;4,5
2578;5,6
2579;7,0
2580;6,3
2581;4,3
2582;6,1
2583;4,2
2584;1,4
2585;1,3
2586;1,4
2587;1,5
2588;1,3
2589;3,4
2590;2,7
2591;1,5
2592;2,3
2593;2,3
2594;2,2
2595;2,7
2596;2,7
2597;3,0
2598;5,1
2599;5,3
2600;7,1
2601;7,0
2602;6,1
2603;8,3
2604;10,6
2605;8,0
2606;10,0
2607;13,1
2608;13,7
2609;13,4
2610;8,7
2611;7,3
2612;7,6
2613;5,1
2614;6,9
2615;7,2
2616;7,1
2617;6,8
2618;5,8
2619;5,4
2620;5,6
2621;8,1
2622;7,9
2623;5,3
2624;6,8
2625;9,2
2626;9,0
2627;8,6
2628;8,3
2629;7,8
2630;7,7
2631;10,1
2632;12,6
2633;13,9
2634;12,9
2635;10,4
2636;12,9
2637;11,2
2638;12,1
2639;11,0
2640;11,3
2641;9,7
2642;10,2
2643;8,5
2644;9,2
2645;7,3
2646;9,2
2647;10,8
2648;10,8
2649;9,6
2650;9,7
2651;9,8
2652;11,1
2653;13,9
2654;16,4
2655;14,1
2656;12,5
2657;13,0
2658;12,8
2659;11,0
2660;10,4
2661;12,2
2662;12,2
2663;13,7
2664;12,4
2665;10,7
2666;12,0
2667;12,5
2668;10,8
2669;10,2
2670;13,3
2671;20,8
2672;18,4
2673;15,5
2674;15,8
2675;15,3
2676;17,3
2677;19,2
2678;18,9
2679;14,4
2680;13,6
2681;12,4
2682;11,5
2683;11,5
2684;11,7
2685;11,8
2686;10,3
2687;11,3
2688;15,4
2689;14,2
2690;12,3
2691;10,9
2692;10,8
2693;11,0
2694;12,0
2695;14,1
2696;19,8
2697;17,7
2698;13,0
2699;13,8
2700;13,2
2701;13,3
2702;13,3
2703;10,2
2704;10,3
2705;12,4
2706;13,6
2707;13,9
2708;12,8
2709;12,3
2710;13,6
2711;14,9
2712;11,7
2713;11,3
2714;11,2
2715;12,1
2716;13,6
2717;14,6
2718;16,6
2719;15,7
2720;14,8
2721;15,2
2722;19,1
2723;20,2
2724;17,2
2725;12,7
2726;13,3
2727;15,3
2728;14,8
2729;13,6
2730;13,6
2731;18,0
2732;20,1
2733;16,9
2734;13,6
2735;12,3
2736;12,2
2737;13,8
2738;14,6
2739;15,1
2740;13,4
2741;13,8
2742;14,1
2743;16,0
2744;17,7
2745;17,2
2746;15,1
2747;16,0
2748;13,5
2749;12,5
2750;12,6
2751;12,7
2752;11,8
2753;10,6
2754;9,7
2755;11,2
2756;9,4
2757;10,5
2758;9,8
2759;8,9
2760;11,0
2761;12,9
2762;11,2
2763;9,7
2764;8,5
2765;9,7
2766;10,0
2767;12,7
2768;11,0
2769;11,3
2770;11,3
2771;10,9
2772;10,8
2773;11,3
2774;10,1
2775;10,7
2776;11,3
2777;7,7
2778;11,0
2779;9,6
2780;7,4
2781;9,4
2782;8,7
2783;8,1
2784;7,3
2785;8,5
2786;7,8
2787;8,4
2788;5,0
2789;4,4
2790;6,4
2791;8,7
2792;9,7
2793;9,2
2794;10,1
2795;10,8
2796;11,7
2797;11,9
2798;10,8
2799;10,6
2800;11,3
2801;11,2
2802;9,6
2803;9,1
2804;6,8
2805;7,3
2806;7,7
2807;6,3
2808;9,7
2809;9,3
2810;10,2
2811;11,6
2812;10,2
2813;10,1
2814;8,6
2815;8,5
2816;8,1
2817;3,7
2818;1,7
2819;-0,1
2820;-1,0
2821;-1,8
2822;-0,2
2823;5,1
2824;7,7
2825;8,5
2826;8,0
2827;8,2
2828;7,3
2829;5,6
2830;3,7
2831;3,7
2832;1,0
2833;-0,0
2834;-1,3
2835;1,0
2836;1,0
2837;-1,6
2838;-1,6
2839;-3,5
2840;-4,0
2841;-2,1
2842;-4,3
2843;-3,4
2844;-4,0
2845;-4,0
2846;-0,3
2847;1,8
2848;1,2
2849;4,8
2850;6,7
2851;4,3
2852;2,1
2853;-1,1
2854;-2,4
2855;4,0
2856;3,8
2857;0,9
2858;1,0
2859;4,8
2860;4,4
2861;-1,6
2862;-2,3
2863;0,6
2864;2,6
2865;1,2
2866;3,2
2867;6,2
2868;5,9
2869;4,9
2870;5,3
2871;5,9
2872;4,0
2873;2,3
2874;0,9
2875;1,9
2876;1,0
2877;0,7
2878;0,5
2879;0,2
2880;-2,8
2881;-0,1
2882;1,7
2883;2,7
2884;6,0
2885;6,2
2886;2,1
2887;1,4
2888;4,7
2889;5,4
2890;2,9
2891;2,1
2892;2,4
2893;0,4
2894;2,1
2895;1,4
2896;3,8
2897;5,0
2898;5,3
2899;5,8
2900;3,6
2901;3,6
2902;6,7
2903;6,7
2904;5,7
2905;5,4
2906;5,1
2907;5,7
2908;4,7
2909;2,4
2910;2,2
2911;6,1
2912;4,9
2913;4,5
2914;2,8
2915;2,8
2916;1,4
2917;2,4
2918;4,2
2919;3,5
2920;3,9
2921;2,9
2922;2,4
2923;0,5
2924;-0,9
2925;-2,0
2926;-3,2
2927;-2,3
2928;-4,5
2929;-3,5
2930;-2,0
2931;-0,5
2932;1,5
2933;0,6
2934;0,9
2935;1,4
2936;4,7
2937;3,3
2938;4,9
2939;3,7
2940;3,2
2941;6,0
2942;5,5
2943;5,8
2944;4,4
2945;1,4
2946;1,5
2947;1,2
2948;3,2
2949;2,7
2950;5,8
2951;3,5
2952;4,2
2953;4,7
2954;4,5
2955;5,2
2956;3,9
2957;5,8
2958;6,8
2959;6,8
2960;7,8
2961;8,0
2962;7,7
2963;8,9
2964;7,9
2965;7,0
2966;7,5
2967;8,1
2968;9,7
2969;10,3
2970;10,9
2971;9,0
2972;10,7
2973;9,0
2974;5,9
2975;4,6
2976;4,5
2977;4,0
2978;3,2
2979;4,0
2980;4,0
2981;4,3
2982;5,9
2983;6,8
2984;4,6
2985;8,9
2986;9,1
2987;10,3
2988;11,8
2989;10,7
2990;10,3
2991;10,6
2992;10,3
2993;9,8
2994;10,3
2995;7,2
2996;5,8
2997;6,0
2998;7,5
2999;9,1
3000;9,7
3001;10,9
3002;10,4
3003;10,3
3004;9,1
3005;8,9
3006;9,2
3007;8,1
3008;7,7
3009;7,8
3010;9,7
3011;9,5
3012;9,3
3013;10,2
3014;10,5
3015;11,8
3016;10,8
3017;10,7
3018;11,0
3019;13,4
3020;14,9
3021;16,4
3022;17,6
3023;16,3
3024;16,8
3025;18,1
3026;19,1
3027;17,4
3028;15,5
3029;17,9
3030;19,1
3031;18,1
3032;16,5
3033;14,2
3034;14,0
3035;16,0
3036;19,0
3037;16,7
3038;12,8
3039;15,0
3040;14,3
3041;14,3
3042;16,0
3043;14,0
3044;13,7
3045;12,9
3046;14,3
3047;14,5
3048;14,0
3049;18,3
3050;20,7
3051;17,3
3052;15,0
3053;15,4
3054;13,5
3055;14,4
3056;14,6
3057;14,6
3058;13,5
3059;12,3
3060;11,2
3061;12,8
3062;12,9
3063;14,3
3064;16,5
3065;16,3
3066;13,6
3067;15,6
3068;15,3
3069;15,4
3070;16,3
3071;15,8
3072;15,7
3073;16,5
3074;16,5
3075;16,4
3076;14,2
3077;13,7
3078;14,9
3079;12,9
3080;10,9
3081;10,0
3082;10,2
3083;13,5
3084;16,5
3085;14,9
3086;15,0
3087;14,8
3088;14,0
3089;15,9
3090;18,7
3091;17,4
3092;16,8
3093;16,1
3094;15,7
3095;14,1
3096;13,9
3097;14,1
3098;15,0
3099;13,4
3100;13,1
3101;12,3
3102;14,1
3103;15,1
3104;13,9
3105;12,6
3106;13,2
3107;15,2
3108;13,9
3109;13,6
3110;15,8
3111;17,9
3112;16,1
3113;15,4
3114;15,2
3115;11,8
3116;10,1
3117;10,5
3118;12,8
3119;11,0
3120;11,5
3121;14,4
3122;11,9
3123;12,4
3124;13,8
3125;13,1
3126;10,8
3127;11,2
3128;14,7
3129;15,0
3130;13,7
3131;14,3
3132;12,9
3133;11,0
3134;10,4
3135;11,8
3136;11,5
3137;10,4
3138;9,0
3139;10,3
3140;6,9
3141;5,6
3142;6,5
3143;10,4
3144;8,6
3145;8,3
3146;8,7
3147;7,1
3148;5,5
3149;5,9
3150;8,8
3151;6,0
3152;4,1
3153;3,2
3154;4,3
3155;7,8
3156;8,6
3157;6,6
3158;5,4
3159;3,3
3160;2,4
3161;2,7
3162;2,8
3163;2,6
3164;1,4
3165;2,7
3166;6,9
3167;6,9
3168;9,4
3169;6,2
3170;5,3
3171;4,7
3172;3,8
3173;5,1
3174;3,8
3175;2,7
3176;1,5
3177;2,1
3178;1,5
3179;1,7
3180;1,8
3181;0,8
3182;2,1
3183;4,0
3184;3,0
3185;2,2
3186;6,3
3187;3,3
3188;2,9
3189;2,6
3190;2,2
3191;-0,6
3192;-3,8
3193;-3,2
3194;-1,8
3195;-4,4
3196;-1,3
3197;-1,7
3198;-2,7
3199;-3,0
3200;0,7
3201;-1,4
3202;-1,7
3203;0,9
3204;1,3
3205;-1,0
3206;-0,8
3207;0,6
3208;0,8
3209;6,4
3210;7,5
3211;7,5
3212;6,6
3213;4,2
3214;2,3
3215;1,1
3216;-0,8
3217;-3,2
3218;2,3
3219;2,8
3220;1,6
3221;-0,5
3222;2,4
3223;2,9
3224;0,3
3225;2,8
3226;1,2
3227;-2,8
3228;-5,1
3229;-6,6
3230;-6,5
3231;-3,5
3232;-1,6
3233;1,0
3234;0,1
3235;2,6
3236;3,0
3237;3,7
3238;0,8
3239;-2,8
3240;-2,8
3241;-5,0
3242;-1,8
3243;0,4
3244;0,5
3245;3,0
3246;5,6
3247;4,0
3248;5,8
3249;3,5
3250;4,4
3251;6,2
3252;5,6
3253;4,3
3254;1,5
3255;4,0
3256;2,8
3257;5,8
3258;3,9
3259;3,0
3260;0,4
3261;-2,1
3262;-2,0
3263;-4,4
3264;-3,9
3265;-1,8
3266;0,4
3267;1,1
3268;2,0
3269;3,4
3270;3,0
3271;4,6
3272;2,3
3273;2,9
3274;5,7
3275;5,6
3276;5,1
3277;4,0
3278;2,6
3279;4,1
3280;3,2
3281;1,9
3282;2,8
3283;5,1
3284;5,4
3285;4,0
3286;6,2
3287;7,3
3288;7,2
3289;3,7
3290;1,9
3291;2,1
3292;2,3
3293;1,8
3294;1,0
3295;2,6
3296;2,8
3297;4,9
3298;5,7
3299;4,4
3300;3,7
3301;2,8
3302;3,6
3303;5,1
3304;4,8
3305;3,5
3306;5,1
3307;4,4
3308;4,3
3309;2,7
3310;1,6
3311;5,0
3312;6,7
3313;6,0
3314;7,1
3315;5,6
3316;6,1
3317;6,2
3318;3,6
3319;0,9
3320;1,8
3321;6,1
3322;8,0
3323;7,9
3324;9,5
3325;6,0
3326;6,6
3327;8,0
3328;7,7
3329;5,8
3330;6,6
3331;5,0
3332;5,9
3333;3,7
3334;3,6
3335;4,8
3336;4,9
3337;5,0
3338;5,4
3339;4,6
3340;5,7
3341;7,3
3342;7,2
3343;8,8
3344;9,1
3345;12,5
3346;15,7
3347;17,7
3348;18,1
3349;15,4
3350;11,2
3351;12,0
3352;10,7
3353;10,2
3354;8,6
3355;8,0
3356;12,6
3357;14,4
3358;16,8
3359;18,8
3360;19,1
3361;19,8
3362;19,1
3363;17,1
3364;13,0
3365;15,7
3366;18,7
3367;21,2
3368;21,9
3369;14,9
3370;17,9
3371;18,3
3372;15,9
3373;13,6
3374;13,5
3375;15,1
3376;14,6
3377;13,8
3378;13,1
3379;12,0
3380;10,2
3381;8,8
3382;9,2
3383;9,9
3384;8,1
3385;8,9
3386;11,4
3387;11,0
3388;10,5
3389;9,7
3390;13,4
3391;15,8
3392;14,6
3393;13,3
3394;12,9
3395;12,0
3396;12,2
3397;13,9
3398;13,8
3399;12,8
3400;14,4
3401;15,6
3402;19,0
3403;21,3
3404;14,6
3405;11,9
3406;12,8
3407;11,7
3408;11,4
3409;12,1
3410;12,7
3411;12,5
3412;13,1
3413;12,1
3414;12,0
3415;14,1
3416;14,0
3417;15,8
3418;16,8
3419;19,4
3420;17,8
3421;16,0
3422;15,9
3423;14,8
3424;15,7
3425;17,8
3426;20,6
3427;17,6
3428;15,1
3429;14,8
3430;15,8
3431;14,8
3432;15,2
3433;14,7
3434;14,3
3435;15,7
3436;15,5
3437;14,0
3438;15,0
3439;16,2
3440;15,7
3441;14,2
3442;15,3
3443;18,5
3444;16,3
3445;14,9
3446;13,8
3447;13,3
3448;12,7
3449;15,1
3450;17,2
3451;15,0
3452;13,3
3453;13,6
3454;13,7
3455;13,9
3456;13,8
3457;14,8
3458;14,1
3459;13,2
3460;11,8
3461;13,4
3462;12,1
3463;12,3
3464;12,8
3465;16,4
3466;15,2
3467;12,7
3468;12,7
3469;14,0
3470;14,9
3471;14,7
3472;16,7
3473;20,6
3474;20,4
3475;19,5
3476;18,2
3477;13,0
3478;9,9
3479;10,2
3480;9,6
3481;8,4
3482;10,6
3483;13,0
3484;11,7
3485;12,0
3486;14,9
3487;13,7
3488;13,5
3489;13,2
3490;12,5
3491;11,5
3492;10,8
3493;9,5
3494;8,1
3495;7,6
3496;5,8
3497;7,1
3498;10,5
3499;10,0
3500;8,7
3501;9,0
3502;9,3
3503;10,7
3504;11,2
3505;11,1
3506;10,9
3507;9,3
3508;6,5
3509;4,5
3510;6,4
3511;6,5
3512;5,5
3513;8,1
3514;10,4
3515;12,9
3516;12,6
3517;12,7
3518;11,3
3519;10,9
3520;9,8
3521;9,9
3522;11,1
3523;10,3
3524;10,7
3525;8,6
3526;7,0
3527;7,2
3528;8,6
3529;10,2
3530;5,6
3531;4,1
3532;9,7
3533;9,5
3534;8,5
3535;8,0
3536;9,2
3537;8,9
3538;8,1
3539;6,8
3540;7,2
3541;6,8
3542;8,4
3543;7,0
3544;8,6
3545;5,2
3546;3,9
3547;0,9
3548;-0,6
3549;-2,6
3550;-3,6
3551;-3,2
3552;0,0
3553;6,1
3554;7,9
3555;6,2
3556;3,1
3557;1,6
3558;6,0
3559;8,2
3560;9,0
3561;4,7
3562;0,9
3563;2,8
3564;5,0
3565;5,5
3566;4,0
3567;2,9
3568;-0,3
3569;1,7
3570;3,2
3571;4,2
3572;5,5
3573;3,6
3574;6,4
3575;6,4
3576;4,2
3577;7,4
3578;4,8
3579;2,7
3580;5,9
3581;5,2
3582;2,6
3583;5,3
3584;8,8
3585;7,4
3586;5,8
3587;7,0
3588;5,3
3589;0,7
3590;-0,7
3591;-2,6
3592;-2,3
3593;-2,0
3594;-2,1
3595;-2,3
3596;-0,3
3597;-1,6
3598;-4,0
3599;-3,3
3600;-2,8
3601;-3,7
3602;-0,5
3603;5,2
3604;5,6
3605;6,0
3606;6,7
3607;6,1
3608;5,7
3609;3,3
3610;3,1
3611;2,6
3612;1,6
3613;0,5
3614;3,8
3615;5,5
3616;4,7
3617;3,0
3618;4,3
3619;3,6
3620;2,5
